{
  "best_metric": null,
  "best_model_checkpoint": null,
  "epoch": 0.9920634920634921,
  "eval_steps": 500,
  "global_step": 1000,
  "is_hyper_param_search": false,
  "is_local_process_zero": true,
  "is_world_process_zero": true,
  "log_history": [
    {
      "epoch": 0.49603174603174605,
      "grad_norm": 6.2815656661987305,
      "learning_rate": 2.5198412698412697e-05,
      "loss": 0.7403,
      "step": 500
    },
    {
      "epoch": 0.49603174603174605,
      "eval_accuracy": 0.5048966267682263,
      "eval_loss": 0.6936652064323425,
      "eval_runtime": 9.54,
      "eval_samples_per_second": 192.663,
      "eval_steps_per_second": 12.055,
      "step": 500
    },
    {
      "epoch": 0.9920634920634921,
      "grad_norm": 0.1901775598526001,
      "learning_rate": 3.9682539682539683e-07,
      "loss": 0.6957,
      "step": 1000
    },
    {
      "epoch": 0.9920634920634921,
      "eval_accuracy": 0.49510337323177367,
      "eval_loss": 0.6932758092880249,
      "eval_runtime": 9.5602,
      "eval_samples_per_second": 192.255,
      "eval_steps_per_second": 12.029,
      "step": 1000
    }
  ],
  "logging_steps": 500,
  "max_steps": 1008,
  "num_input_tokens_seen": 0,
  "num_train_epochs": 1,
  "save_steps": 500,
  "stateful_callbacks": {
    "TrainerControl": {
      "args": {
        "should_epoch_stop": false,
        "should_evaluate": false,
        "should_log": false,
        "should_save": true,
        "should_training_stop": false
      },
      "attributes": {}
    }
  },
  "total_flos": 0.0,
  "train_batch_size": 16,
  "trial_name": null,
  "trial_params": null
}
